timestamp,angry,scared,happy,sad,surprised,neutral
2019-12-11 19:30:21,,,,,,
2019-12-11 19:30:37,0.06622664630413055,0.03609612584114075,0.007504626642912626,0.10180098563432693,0.0018818470416590571,0.7864897847175598
2019-12-11 19:30:52,0.1623392105102539,0.13370931148529053,0.002483080606907606,0.29603123664855957,0.002825899748131633,0.40261122584342957
2019-12-11 19:31:07,0.06234445422887802,0.037653256207704544,0.0021197244059294462,0.17366738617420197,0.001867692917585373,0.7223474383354187
2019-12-11 19:31:22,0.1593291312456131,0.13782112300395966,0.003103315830230713,0.23887929320335388,0.006583326496183872,0.45428377389907837
2019-12-11 19:31:37,0.08997086435556412,0.053050629794597626,0.021691367030143738,0.2004568725824356,0.0024161539040505886,0.6324141621589661
2019-12-11 19:31:52,0.05658041313290596,0.053789399564266205,0.011794285848736763,0.20653536915779114,0.0021480577997863293,0.6691524982452393
2019-12-11 19:32:07,0.12881307303905487,0.1348969042301178,0.00467324536293745,0.44698119163513184,0.0019286975730210543,0.2827068865299225
2019-12-11 19:32:22,0.07193686813116074,0.08778125047683716,0.02760159783065319,0.27080461382865906,0.0028592438902705908,0.5390163660049438
2019-12-11 19:32:37,0.052961062639951706,0.02683187648653984,0.007982264272868633,0.16635531187057495,0.002224078867584467,0.743645429611206
2019-12-11 19:32:53,0.042629994451999664,0.036555156111717224,0.006829982623457909,0.20290714502334595,0.0019864889327436686,0.7090912461280823
2019-12-11 19:33:08,0.03348788619041443,0.034019649028778076,0.004861274268478155,0.09683921188116074,0.004961928818374872,0.8258300423622131
2019-12-11 19:33:23,0.03643371909856796,0.018019424751400948,0.0848531574010849,0.0902465432882309,0.0011988715268671513,0.7692483067512512
2019-12-11 19:33:38,0.1466604620218277,0.09455433487892151,0.0044974698685109615,0.22493083775043488,0.0030850123148411512,0.5262718200683594
2019-12-11 19:33:53,0.0571056567132473,0.03526267781853676,0.007376846391707659,0.10392384231090546,0.0015025949105620384,0.7948284149169922
2019-12-11 19:34:08,0.04866841807961464,0.043274860829114914,0.0025228175800293684,0.18250633776187897,0.0015108480583876371,0.7215167284011841
2019-12-11 19:34:23,0.03939991444349289,0.021560993045568466,0.007347948383539915,0.06529015302658081,0.0017199547728523612,0.86468106508255
2019-12-11 19:34:38,0.005110906902700663,0.0019652654882520437,0.7875015139579773,0.006715206895023584,0.0006300975801423192,0.19807687401771545
2019-12-11 19:34:53,0.023791847750544548,0.01526760496199131,0.0031181250233203173,0.08441617339849472,0.0012979846214875579,0.8721082806587219
2019-12-11 19:35:08,0.045528803020715714,0.04394972324371338,0.004212645813822746,0.18312174081802368,0.0014879900263622403,0.7216991782188416
2019-12-11 19:35:23,0.05093858391046524,0.04623432084918022,0.005096713546663523,0.21458230912685394,0.002171947620809078,0.6809760928153992
2019-12-11 19:35:39,0.0714995339512825,0.050519682466983795,0.006495803594589233,0.24411781132221222,0.002808184362947941,0.6245589852333069
2019-12-11 19:35:54,0.03710787743330002,0.08722779899835587,0.005601484328508377,0.18262210488319397,0.008459941484034061,0.6789807677268982
2019-12-11 19:36:09,0.056255776435136795,0.13657045364379883,0.009180380962789059,0.22898225486278534,0.00672364654019475,0.562287449836731
2019-12-11 19:36:24,0.03861738741397858,0.033448200672864914,0.008066524751484394,0.10288548469543457,0.0017069894820451736,0.8152753710746765
2019-12-11 19:36:39,0.054771073162555695,0.05537481606006622,0.0055877892300486565,0.15436705946922302,0.004394962452352047,0.7255043983459473
2019-12-11 19:36:54,0.019564606249332428,0.010480840690433979,0.020746059715747833,0.040411509573459625,0.0007902756915427744,0.9080066680908203
2019-12-11 19:37:09,0.0318850614130497,0.021066032350063324,0.013033362105488777,0.05933896079659462,0.0021470568608492613,0.8725295066833496
2019-12-11 19:37:24,0.08159935474395752,0.06277834624052048,0.0060333614237606525,0.17619433999061584,0.002788618439808488,0.6706060171127319
2019-12-11 19:37:39,0.04846061393618584,0.06953608244657516,0.006955812219530344,0.29415786266326904,0.0023640489671379328,0.5785255432128906
2019-12-11 19:37:54,0.027967987582087517,0.015823721885681152,0.007584731560200453,0.07436829060316086,0.001062672701664269,0.873192548751831
2019-12-11 19:38:09,0.08631371706724167,0.06892292201519012,0.003067037323489785,0.4041653275489807,0.0016895642038434744,0.4358414113521576
2019-12-11 19:38:25,0.024011749774217606,0.02249751053750515,0.005776172038167715,0.06953316181898117,0.0015532824909314513,0.8766281604766846
2019-12-11 19:38:40,0.04735398665070534,0.01991288736462593,0.0064964285120368,0.08953333646059036,0.00126997462939471,0.8354333639144897
2019-12-11 19:38:55,0.08668257296085358,0.1114291101694107,0.006352534051984549,0.5361669063568115,0.0030484560411423445,0.2563204765319824
2019-12-11 19:39:10,0.05865197256207466,0.022651249542832375,0.012080607935786247,0.09597707539796829,0.0015199462650343776,0.8091192245483398
2019-12-11 19:39:25,0.08218488097190857,0.07125471532344818,0.011469336226582527,0.16521857678890228,0.005677681881934404,0.6641948223114014
2019-12-11 19:39:40,0.03131038323044777,0.018330372869968414,0.009006683714687824,0.05334458127617836,0.0021796298678964376,0.8858283162117004
2019-12-11 19:39:55,0.02846905216574669,0.016403689980506897,0.2664719521999359,0.03365825489163399,0.0045474739745259285,0.6504495739936829
2019-12-11 19:40:10,0.03340832144021988,0.01765337586402893,0.020961644127964973,0.049026038497686386,0.0015322263352572918,0.8774183988571167
2019-12-11 19:40:25,0.07108180224895477,0.029028911143541336,0.03270295262336731,0.0732300728559494,0.0038699465803802013,0.7900863289833069
2019-12-11 19:40:40,0.07107864320278168,0.16327345371246338,0.009801501408219337,0.5475743412971497,0.004276996478438377,0.20399510860443115
2019-12-11 19:40:55,0.022440264001488686,0.016199372708797455,0.2771013677120209,0.03011627122759819,0.0047646090388298035,0.6493781208992004
2019-12-11 19:41:11,0.019265085458755493,0.008590475656092167,0.04430045187473297,0.0356631837785244,0.0007759060245007277,0.891404926776886
2019-12-11 19:41:26,0.031009064987301826,0.021998662501573563,0.10762269049882889,0.06639613956212997,0.0023892647586762905,0.7705841064453125
2019-12-11 19:41:41,0.03970131278038025,0.0346086211502552,0.01471690647304058,0.15562838315963745,0.004627847112715244,0.7507168650627136
2019-12-11 19:41:56,0.045031044632196426,0.0543084591627121,0.009223848581314087,0.15366220474243164,0.0027731317095458508,0.735001266002655
2019-12-11 19:42:11,0.023613331839442253,0.01887013018131256,0.0959615483880043,0.037484295666217804,0.003819142933934927,0.8202515840530396
2019-12-11 19:42:26,0.022472986951470375,0.01219886913895607,0.039505571126937866,0.04527195170521736,0.0007619578973390162,0.8797886371612549
2019-12-11 19:42:41,0.06981796026229858,0.06121883913874626,0.005120862741023302,0.16247563064098358,0.0021927959751337767,0.6991738080978394
2019-12-11 19:42:56,0.04058944061398506,0.035300541669130325,0.09909476339817047,0.10470527410507202,0.0025402880273759365,0.7177696824073792
2019-12-11 19:43:11,0.03254411742091179,0.01730307750403881,0.02087700553238392,0.051873739808797836,0.0012072009267285466,0.8761948347091675
2019-12-11 19:43:26,0.07169725745916367,0.08383169770240784,0.04022591561079025,0.2048840969800949,0.004501888062804937,0.5948591232299805
2019-12-11 19:43:42,0.04935349151492119,0.0340329185128212,0.020112818107008934,0.08893094956874847,0.0025159225333482027,0.8050538301467896
2019-12-11 19:43:57,0.020565390586853027,0.02040048874914646,0.008272583596408367,0.07743176072835922,0.002343678381294012,0.8709861040115356
2019-12-11 19:44:12,0.08274953812360764,0.059922363609075546,0.014046668075025082,0.19468805193901062,0.003443131223320961,0.6451501846313477
2019-12-11 19:44:27,0.1940855085849762,0.10063643008470535,0.004950609058141708,0.24787116050720215,0.004049613606184721,0.4484066069126129
2019-12-11 19:44:42,0.08742431551218033,0.07415419071912766,0.009361411444842815,0.285537987947464,0.003731856821104884,0.5397902131080627
2019-12-11 19:44:57,0.23238107562065125,0.06753410398960114,0.01174398884177208,0.16723176836967468,0.006110093556344509,0.5149989128112793
2019-12-11 19:45:12,0.04153478890657425,0.049461670219898224,0.004343043547123671,0.11715375632047653,0.003593826899304986,0.7839128971099854
2019-12-11 19:45:27,0.03471856191754341,0.020645136013627052,0.01017723511904478,0.08194424211978912,0.0013462543720379472,0.8511686325073242
2019-12-11 19:45:42,0.06716105341911316,0.058580558747053146,0.004143434576690197,0.12618568539619446,0.004671132192015648,0.7392581105232239
2019-12-11 19:45:57,0.02623796835541725,0.0121018560603261,0.014810007996857166,0.03889504820108414,0.001635376363992691,0.9063197374343872
2019-12-11 19:46:12,0.06515218317508698,0.03856883943080902,0.07516490668058395,0.07951712608337402,0.002419233787804842,0.7391776442527771
2019-12-11 19:46:28,0.18088515102863312,0.08168482780456543,0.004989448003470898,0.16272397339344025,0.006453587207943201,0.5632629990577698
2019-12-11 19:46:43,0.11723943799734116,0.06783700734376907,0.01183269266039133,0.1177317202091217,0.004897825885564089,0.6804612874984741
2019-12-11 19:46:58,0.05538823828101158,0.05727176368236542,0.022364402189850807,0.10531100630760193,0.004234774969518185,0.7554298043251038
2019-12-11 19:47:13,0.13606879115104675,0.06087566167116165,0.011235600337386131,0.14145886898040771,0.00438337679952383,0.6459777355194092
2019-12-11 19:47:28,0.0787241980433464,0.036440376192331314,0.019235894083976746,0.10078482329845428,0.0030471126083284616,0.7617676258087158
2019-12-11 19:47:43,0.0974995344877243,0.03904971107840538,0.008098432794213295,0.10181991755962372,0.00418258598074317,0.74934983253479
2019-12-11 19:47:58,0.18687984347343445,0.05194846913218498,0.004259233828634024,0.15955883264541626,0.002808851422742009,0.5945448279380798
2019-12-11 19:48:13,0.03070697747170925,0.013647825457155704,0.02073899656534195,0.05348311737179756,0.0012811222113668919,0.8801419138908386
2019-12-11 19:48:28,0.09467121213674545,0.1774660050868988,0.0041280281729996204,0.3588141202926636,0.006100387312471867,0.35882019996643066
2019-12-11 19:48:43,0.2926299571990967,0.09437999874353409,0.002884914167225361,0.3700306713581085,0.0038887944538146257,0.23618561029434204
2019-12-11 19:48:58,0.053003814071416855,0.03872893005609512,0.00213054521009326,0.11753988265991211,0.002334515331313014,0.7862622737884521
2019-12-11 19:49:14,0.10155956447124481,0.07061950862407684,0.007948721759021282,0.16932916641235352,0.0037023115437477827,0.6468406915664673
2019-12-11 19:49:29,0.04938000813126564,0.04933781921863556,0.004008189775049686,0.12251443415880203,0.002799202920868993,0.7719603180885315
2019-12-11 19:49:44,0.118678517639637,0.07059942930936813,0.03351997584104538,0.1444636583328247,0.0038606461603194475,0.6288778185844421
2019-12-11 19:49:59,0.08692732453346252,0.08727612346410751,0.005630845203995705,0.22340334951877594,0.004068904090672731,0.5926935076713562
2019-12-11 19:50:14,0.1273939609527588,0.08091209828853607,0.005922182463109493,0.297112375497818,0.002534880768507719,0.4861244857311249
2019-12-11 19:50:29,0.07224816828966141,0.0632273256778717,0.015759650617837906,0.11274349689483643,0.004517636727541685,0.7315037250518799
2019-12-11 19:50:44,0.02795073576271534,0.023317571729421616,0.00543220853433013,0.06707800924777985,0.0012994313146919012,0.8749220371246338
2019-12-11 19:50:59,0.07957584410905838,0.06273383647203445,0.006619645282626152,0.12562213838100433,0.004993559326976538,0.7204550504684448
2019-12-11 19:51:14,0.09070650488138199,0.047428373247385025,0.007292962167412043,0.12947721779346466,0.002682856749743223,0.722412109375
2019-12-11 19:51:29,0.022734060883522034,0.01790415495634079,0.014207297936081886,0.04405753314495087,0.0016904713120311499,0.8994064927101135
2019-12-11 19:51:44,0.04739925265312195,0.025024745613336563,0.007499973755329847,0.08296588063240051,0.0017295328434556723,0.8353806138038635
2019-12-11 19:52:00,0.05598403513431549,0.022381480783224106,0.012569920159876347,0.07297424972057343,0.0012754601193591952,0.8348148465156555
2019-12-11 19:52:15,0.11489086598157883,0.0987030416727066,0.0024184775538742542,0.31273818016052246,0.002046088920906186,0.4692034125328064
2019-12-11 19:52:30,0.176482155919075,0.10421203076839447,0.002109510125592351,0.3434912860393524,0.0027892005164176226,0.37091583013534546
2019-12-11 19:52:45,0.0019484261283650994,0.001135301310569048,0.967800498008728,0.0029178173281252384,0.0005434823106043041,0.025654444471001625
2019-12-11 19:53:00,0.10160864889621735,0.030757173895835876,0.05261416733264923,0.10066663473844528,0.0019190103048458695,0.7124344110488892
2019-12-11 19:53:15,0.08036595582962036,0.11317882686853409,0.005494672805070877,0.23034070432186127,0.003713294630870223,0.5669065713882446
2019-12-11 19:53:30,0.05112241953611374,0.035574641078710556,0.012591450475156307,0.0869169756770134,0.0021911629009991884,0.8116033673286438
2019-12-11 19:53:45,0.10382091253995895,0.04718874767422676,0.009246633388102055,0.19784818589687347,0.0013610504101961851,0.6405344009399414
2019-12-11 19:54:00,0.05705595016479492,0.044476237148046494,0.015646932646632195,0.09351826459169388,0.003229278139770031,0.7860733866691589
2019-12-11 19:54:15,0.10232825577259064,0.039963915944099426,0.00956638716161251,0.15489082038402557,0.0021256892941892147,0.6911249756813049
2019-12-11 19:54:31,0.02874717302620411,0.01662496291100979,0.02137637324631214,0.054541587829589844,0.0015569969546049833,0.8771529197692871
2019-12-11 19:54:46,0.025542862713336945,0.024075249210000038,0.014361518435180187,0.07091900706291199,0.002247127704322338,0.8628543019294739
2019-12-11 19:55:01,0.25517433881759644,0.06165654957294464,0.009489482268691063,0.17534467577934265,0.0033917755354195833,0.49494320154190063
2019-12-11 19:55:16,0.13961489498615265,0.09285973757505417,0.01524556614458561,0.2457086741924286,0.0037816192489117384,0.5027895569801331
2019-12-11 19:55:31,0.06338158249855042,0.04112295061349869,0.006993739400058985,0.12305426597595215,0.0031369796488434076,0.7623105049133301
2019-12-11 19:55:46,0.06207685172557831,0.038340773433446884,0.005443613976240158,0.1324864625930786,0.001440599444322288,0.7602116465568542
2019-12-11 19:56:01,0.06324100494384766,0.02202380634844303,0.010183912701904774,0.07747256010770798,0.0017599588027223945,0.8253188133239746
2019-12-11 19:56:16,0.371109277009964,0.07732956111431122,0.02267562411725521,0.1829218864440918,0.0021375943906605244,0.3438260853290558
2019-12-11 19:56:31,0.11272573471069336,0.1804841309785843,0.0007189622847363353,0.5950255393981934,0.002082790480926633,0.10896281898021698
2019-12-11 19:56:46,0.010760883800685406,0.008393854834139347,0.010253184475004673,0.025598490610718727,0.000730397179722786,0.944263219833374
2019-12-11 19:57:01,0.12148331105709076,0.09510061144828796,0.008301007561385632,0.15310899913311005,0.004326976370066404,0.6176791191101074
2019-12-11 19:57:17,0.13089710474014282,0.08926574885845184,0.005993150174617767,0.175706684589386,0.0049921730533242226,0.5931451320648193
2019-12-11 19:57:32,0.21237394213676453,0.1478932648897171,0.002000590553507209,0.38136324286460876,0.007389390841126442,0.24897955358028412
2019-12-11 19:57:47,0.12320757657289505,0.11234571039676666,0.003843033919110894,0.4846476912498474,0.0034557911567389965,0.27250027656555176
2019-12-11 19:58:02,0.11802082508802414,0.11384932696819305,0.0019140660297125578,0.39638346433639526,0.0027591888792812824,0.367073118686676
2019-12-11 19:58:17,0.3842184543609619,0.1190161183476448,0.0024472360964864492,0.22500108182430267,0.005265394225716591,0.2640516757965088
2019-12-11 19:58:32,0.1849314421415329,0.0729825496673584,0.004291224293410778,0.27692103385925293,0.0023079868406057358,0.45856577157974243
2019-12-11 19:58:47,0.23680293560028076,0.12479564547538757,0.00905927550047636,0.29129448533058167,0.0055313375778496265,0.3325164020061493
2019-12-11 19:59:02,0.12094610929489136,0.06876779347658157,0.004168335814028978,0.19679999351501465,0.003875910537317395,0.6054418683052063
2019-12-11 19:59:17,0.05340654030442238,0.03589856997132301,0.008397541008889675,0.09414348006248474,0.0033380468375980854,0.8048158288002014
2019-12-11 19:59:32,0.08572465181350708,0.0823788121342659,0.0034342778380960226,0.21633599698543549,0.003830706002190709,0.6082955002784729
2019-12-11 19:59:48,0.03660646080970764,0.0207225251942873,0.006860839668661356,0.07283874601125717,0.0012886588228866458,0.8616828322410583
2019-12-11 20:00:03,0.2244454026222229,0.06995363533496857,0.006304013542830944,0.1720724105834961,0.0038247518241405487,0.5233997106552124
2019-12-11 20:00:18,0.046838995069265366,0.04161783680319786,0.015538651496171951,0.10940750688314438,0.0037023385521024466,0.7828946113586426
2019-12-11 20:00:33,0.0898507684469223,0.037750884890556335,0.012872245162725449,0.14195875823497772,0.002684591570869088,0.7148827314376831
2019-12-11 20:00:48,0.11280106008052826,0.1016569510102272,0.007171716541051865,0.22471041977405548,0.0063691711984574795,0.5472906827926636
2019-12-11 20:01:03,0.04318074882030487,0.05356355756521225,0.010000252164900303,0.14639271795749664,0.0034717449452728033,0.7433909773826599
2019-12-11 20:01:18,0.09373313933610916,0.11215998232364655,0.004366753622889519,0.2863917648792267,0.003763411194086075,0.49958503246307373
2019-12-11 20:01:33,0.17385341227054596,0.057714901864528656,0.009213542565703392,0.222590833902359,0.0020283658523112535,0.5345990061759949
2019-12-11 20:01:48,0.05419255048036575,0.2860988676548004,0.005179950967431068,0.30027666687965393,0.017188552767038345,0.33706343173980713
2019-12-11 20:02:03,0.07434416562318802,0.03703901916742325,0.004962062928825617,0.08576957136392593,0.0038183911237865686,0.7940667867660522
2019-12-11 20:02:18,0.11022018641233444,0.061282847076654434,0.01755179464817047,0.10793202370405197,0.005274787545204163,0.6977383494377136
2019-12-11 20:02:34,0.07280078530311584,0.05292590335011482,0.00454185763373971,0.16670580208301544,0.002905268454924226,0.7001203298568726
2019-12-11 20:02:49,0.087861567735672,0.04995707795023918,0.015336032956838608,0.12618106603622437,0.0040190983563661575,0.7166451215744019
2019-12-11 20:03:04,0.045791033655405045,0.034505266696214676,0.010360339656472206,0.08079035580158234,0.003033097367733717,0.8255199193954468
2019-12-11 20:03:19,0.1440308392047882,0.05974077060818672,0.005862629972398281,0.17705084383487701,0.005885634571313858,0.6074292659759521
2019-12-11 20:03:34,0.08983563631772995,0.09785816073417664,0.005646867677569389,0.15898410975933075,0.00744697405025363,0.6402283310890198
2019-12-11 20:03:49,0.11062350124120712,0.06086679548025131,0.01010835450142622,0.1366518884897232,0.005814277566969395,0.6759352087974548
2019-12-11 20:04:04,0.07306201010942459,0.048244502395391464,0.010486065410077572,0.1506119668483734,0.005045080557465553,0.7125504016876221
2019-12-11 20:04:19,0.06489947438240051,0.05397333204746246,0.061266567558050156,0.15819405019283295,0.004449369851499796,0.657217264175415
2019-12-11 20:04:34,0.2050195038318634,0.3430752158164978,0.00114517193287611,0.41899439692497253,0.0029727290384471416,0.02879307232797146
2019-12-11 20:04:49,0.2922467887401581,0.2512592375278473,0.0017331233248114586,0.38696354627609253,0.003930996637791395,0.0638662725687027
2019-12-11 20:05:04,0.14741410315036774,0.2764669358730316,0.0025435432326048613,0.5182754993438721,0.004470374900847673,0.050829511135816574
2019-12-11 20:05:20,0.2419053316116333,0.19976963102817535,0.0037173032760620117,0.3895776867866516,0.004095151089131832,0.16093479096889496
2019-12-11 20:05:35,,,,,,
2019-12-11 20:05:50,0.25439536571502686,0.2237008661031723,0.007048125844448805,0.3107830584049225,0.006803961005061865,0.1972685307264328
2019-12-11 20:06:05,0.1463845670223236,0.08614347875118256,0.0057883248664438725,0.15756385028362274,0.008625557646155357,0.5954942107200623
2019-12-11 20:06:20,0.11507687717676163,0.09672505408525467,0.0035921840462833643,0.32153818011283875,0.002652728697285056,0.46041497588157654
2019-12-11 20:06:35,0.0683564618229866,0.11528167128562927,0.00461185909807682,0.25041407346725464,0.004995731171220541,0.556340217590332
2019-12-11 20:06:50,0.05922230705618858,0.16115835309028625,0.002719077980145812,0.6114607453346252,0.0023864898830652237,0.1630530059337616
2019-12-11 20:07:05,0.1994239240884781,0.124216228723526,0.001369040459394455,0.2920339107513428,0.007711741141974926,0.37524521350860596
2019-12-11 20:07:20,0.16016291081905365,0.075916588306427,0.002140378812327981,0.2846869230270386,0.002073124051094055,0.4750201106071472
2019-12-11 20:07:35,0.25637856125831604,0.12396195530891418,0.003031762782484293,0.21451471745967865,0.0068477666936814785,0.39526525139808655
2019-12-11 20:07:51,0.2099151611328125,0.21766796708106995,0.004370369482785463,0.31838005781173706,0.009794649668037891,0.23987175524234772
2019-12-11 20:08:06,0.16084039211273193,0.21401287615299225,0.006683004554361105,0.39766639471054077,0.010775366798043251,0.21002192795276642
2019-12-11 20:08:21,0.2441025972366333,0.09685613960027695,0.003540428588166833,0.39484697580337524,0.005126890726387501,0.2555268704891205
2019-12-11 20:08:36,0.09126562625169754,0.054320961236953735,0.006256932392716408,0.13058684766292572,0.004787393379956484,0.7127823233604431
2019-12-11 20:08:51,0.06286904960870743,0.02914794720709324,0.008952511474490166,0.08293385803699493,0.0028921847697347403,0.8132044672966003
2019-12-11 20:09:06,0.050782740116119385,0.028443755581974983,0.011621524579823017,0.11860863864421844,0.0030451910570263863,0.7874981164932251
2019-12-11 20:09:21,0.032887138426303864,0.024120885878801346,0.010812269523739815,0.06286454945802689,0.0018375178333371878,0.8674776554107666
2019-12-11 20:09:36,0.08170563727617264,0.0688914805650711,0.005963001865893602,0.38108691573143005,0.0027734951581805944,0.45957955718040466
2019-12-11 20:09:51,0.13571473956108093,0.5079387426376343,0.002254425548017025,0.2715126574039459,0.010166818276047707,0.07241267710924149
2019-12-11 20:10:06,0.1729646772146225,0.4606858789920807,0.0034106364473700523,0.2241547703742981,0.02175733633339405,0.11702675372362137
2019-12-11 20:10:21,0.5855375528335571,0.14053279161453247,0.0028886711224913597,0.1566607803106308,0.009301155805587769,0.10507906973361969
2019-12-11 20:10:37,0.26878821849823,0.2649935483932495,0.005806874483823776,0.21134446561336517,0.028301721438765526,0.22076517343521118
2019-12-11 20:10:52,0.3631432056427002,0.24967344105243683,0.0020408648997545242,0.2577964663505554,0.011732924729585648,0.11561316251754761
2019-12-11 20:11:07,0.15279895067214966,0.32623350620269775,0.0026532725896686316,0.3249766230583191,0.009570026770234108,0.1837676465511322
2019-12-11 20:11:22,0.3101192116737366,0.2045651525259018,0.002616919344291091,0.32235631346702576,0.008140475489199162,0.15220186114311218
2019-12-11 20:11:37,0.0919874981045723,0.47067633271217346,0.0020245544146746397,0.35792338848114014,0.007222410291433334,0.07016575336456299
2019-12-11 20:11:52,0.2652333378791809,0.13434845209121704,0.004797584377229214,0.19390830397605896,0.013956405222415924,0.3877558708190918
2019-12-11 20:12:07,0.40768253803253174,0.12484032660722733,0.001439624815247953,0.3722391724586487,0.0030319716315716505,0.09076637774705887
2019-12-11 20:12:22,0.17341534793376923,0.1573036164045334,0.0009484651382081211,0.5151640772819519,0.002319768536835909,0.15084874629974365
2019-12-11 20:12:37,0.33705681562423706,0.1693519949913025,0.0026362331118434668,0.3610019385814667,0.00680461386218667,0.12314847111701965
2019-12-11 20:12:52,0.5056103467941284,0.11240503191947937,0.0026760599575936794,0.20970068871974945,0.006067271344363689,0.1635405421257019
2019-12-11 20:13:07,0.06321960687637329,0.06208986043930054,0.00742904981598258,0.11664959788322449,0.005642293021082878,0.7449696063995361
2019-12-11 20:13:23,0.1452544629573822,0.22331660985946655,0.004373143892735243,0.3295678198337555,0.010836483910679817,0.28665149211883545
2019-12-11 20:13:38,0.1608877182006836,0.15223142504692078,0.006601247470825911,0.208327516913414,0.014444069005548954,0.45750805735588074
2019-12-11 20:13:53,0.06642293184995651,0.22129209339618683,0.0024919426068663597,0.54588782787323,0.004305569920688868,0.1595996469259262
2019-12-11 20:14:08,0.18735076487064362,0.10952882468700409,0.0031633726321160793,0.2625311613082886,0.006723218131810427,0.43070265650749207
2019-12-11 20:14:23,0.04812443628907204,0.19520950317382812,0.004137794487178326,0.2670198976993561,0.007820438593626022,0.47768786549568176
2019-12-11 20:14:38,0.07342590391635895,0.12648963928222656,0.0032814149744808674,0.19837211072444916,0.00888819620013237,0.5895426869392395
2019-12-11 20:14:53,0.07104063034057617,0.06466736644506454,0.0068807839415967464,0.16023404896259308,0.0045302980579435825,0.6926469206809998
2019-12-11 20:15:08,0.11505965888500214,0.08710520714521408,0.0035745210479944944,0.32490280270576477,0.0060410890728235245,0.46331673860549927
2019-12-11 20:15:23,0.21771296858787537,0.08419211208820343,0.00516087980940938,0.24219103157520294,0.0039438470266759396,0.44679906964302063
2019-12-11 20:15:38,0.16506989300251007,0.09559209644794464,0.004219775088131428,0.29441824555397034,0.0031609535217285156,0.4375390112400055
2019-12-11 20:15:53,0.079098179936409,0.05578932911157608,0.0032753648702055216,0.15809489786624908,0.003687054617330432,0.7000551819801331
2019-12-11 20:16:09,0.2549240291118622,0.15605798363685608,0.009464031085371971,0.16507107019424438,0.017635038122534752,0.39684778451919556
2019-12-11 20:16:24,0.33358293771743774,0.09096609801054001,0.003373494604602456,0.17091935873031616,0.00725561985746026,0.3939024806022644
2019-12-11 20:16:39,0.28670448064804077,0.10879898071289062,0.002952105365693569,0.2378034144639969,0.008320407010614872,0.35542061924934387
2019-12-11 20:16:54,0.3120552897453308,0.1837269514799118,0.001330134691670537,0.35062670707702637,0.003724405076354742,0.14853662252426147
2019-12-11 20:17:09,0.4370066225528717,0.1433890461921692,0.0025353776291012764,0.20381629467010498,0.012133734300732613,0.20111888647079468
2019-12-11 20:17:24,0.1482926309108734,0.3138417601585388,0.000952956615947187,0.4610551595687866,0.003975637722760439,0.07188189774751663
2019-12-11 20:17:39,0.17524172365665436,0.2794291079044342,0.0012007741024717689,0.49418461322784424,0.0021789262536913157,0.04776490852236748
2019-12-11 20:17:54,0.2095126360654831,0.298513799905777,0.001143252244219184,0.3951839208602905,0.007849150337278843,0.08779724687337875
2019-12-11 20:18:09,0.09020782262086868,0.4212205708026886,0.0019923385698348284,0.4523909389972687,0.0049874368123710155,0.029200945049524307
2019-12-11 20:18:24,0.12165586650371552,0.44198930263519287,0.0016544087557122111,0.3907639980316162,0.007020382210612297,0.036916010081768036
2019-12-11 20:18:39,0.10567601025104523,0.4780878722667694,0.0010053744772449136,0.36137595772743225,0.005798074882477522,0.04805682972073555
2019-12-11 20:18:54,0.3795506954193115,0.16197830438613892,0.002182252937927842,0.3848101496696472,0.0047364672645926476,0.06674214452505112
2019-12-11 20:19:09,0.138570636510849,0.19463425874710083,0.0015661218203604221,0.515393853187561,0.004298515617847443,0.1455366462469101
2019-12-11 20:19:24,0.1741623729467392,0.2023986130952835,0.0015347233274951577,0.4481465518474579,0.005998642183840275,0.16775920987129211
2019-12-11 20:19:40,0.41257163882255554,0.18425074219703674,0.001912302803248167,0.26738008856773376,0.004559866618365049,0.12932530045509338
2019-12-11 20:19:55,0.5954315662384033,0.08237722516059875,0.001711688470095396,0.16452838480472565,0.006907021161168814,0.14904403686523438
2019-12-11 20:20:10,0.20025676488876343,0.14013704657554626,0.001855689799413085,0.5624565482139587,0.003828935557976365,0.09146503359079361
2019-12-11 20:20:25,0.35763469338417053,0.13962599635124207,0.0016969421412795782,0.3490124046802521,0.006772625260055065,0.14525729417800903
2019-12-11 20:20:40,0.07527057826519012,0.02888282760977745,0.0021301598753780127,0.16958962380886078,0.0011336251627653837,0.7229931950569153
2019-12-11 20:20:55,0.17045378684997559,0.16447220742702484,0.008623823523521423,0.5504095554351807,0.004102318547666073,0.10193831473588943
2019-12-11 20:21:10,0.3092227578163147,0.33287763595581055,0.002487459685653448,0.2444952428340912,0.012225174345076084,0.09869170188903809
2019-12-11 20:21:25,0.34766170382499695,0.23102235794067383,0.0013604426058009267,0.3042788505554199,0.005100708454847336,0.11057588458061218
2019-12-11 20:21:40,0.2101503312587738,0.3446618318557739,0.001850365661084652,0.3240523636341095,0.009567714296281338,0.10971739143133163
2019-12-11 20:21:55,0.412147581577301,0.154291033744812,0.007520054932683706,0.2490699291229248,0.005872262176126242,0.17109912633895874
2019-12-11 20:22:10,0.3834187090396881,0.1215081736445427,0.004790049046278,0.14959436655044556,0.013050353154540062,0.32763832807540894
2019-12-11 20:22:25,0.4436722993850708,0.11277908086776733,0.0038905004039406776,0.13499321043491364,0.010299356654286385,0.2943655550479889
2019-12-11 20:22:40,0.29541048407554626,0.10207311064004898,0.002915451070293784,0.1970137357711792,0.007937815971672535,0.3946494162082672
2019-12-11 20:22:55,0.27646318078041077,0.3459776043891907,0.0022704622242599726,0.23662883043289185,0.019029775634407997,0.11963022500276566
2019-12-11 20:23:10,0.10888873785734177,0.5550675988197327,0.002186012687161565,0.2684256136417389,0.010375522077083588,0.055056486278772354
2019-12-11 20:23:26,0.4769231975078583,0.11514712125062943,0.001777169993147254,0.24256472289562225,0.005320081952959299,0.15826766192913055
2019-12-11 20:23:41,0.1780271679162979,0.08613663166761398,0.0026955013163387775,0.2214658409357071,0.00444165151566267,0.507233202457428
2019-12-11 20:23:56,0.28992435336112976,0.13630259037017822,0.0019879057072103024,0.30977460741996765,0.006085818633437157,0.255924791097641
2019-12-11 20:24:11,0.2979167699813843,0.06330195814371109,0.003697220701724291,0.18812021613121033,0.0057834843173623085,0.4411803185939789
2019-12-11 20:24:26,,,,,,
2019-12-11 20:24:41,0.11204464733600616,0.09872765094041824,0.009182647801935673,0.22893519699573517,0.005426643416285515,0.5456832051277161
2019-12-11 20:24:56,0.4399058222770691,0.19463130831718445,0.0018624961376190186,0.27704930305480957,0.003299905452877283,0.08325119316577911
2019-12-11 20:25:11,0.270054429769516,0.19423308968544006,0.0012202936923131347,0.4270923435688019,0.0034440518356859684,0.1039557233452797
2019-12-11 20:25:26,0.19126088917255402,0.2208157777786255,0.0007881834753789008,0.5293378233909607,0.001764217740856111,0.05603313073515892
2019-12-11 20:25:41,0.49174007773399353,0.11085119098424911,0.002044151769950986,0.26587456464767456,0.004406004678457975,0.12508395314216614
2019-12-11 20:25:56,0.4807242155075073,0.12961357831954956,0.0014295513974502683,0.24343864619731903,0.007121418137103319,0.1376725733280182
2019-12-11 20:26:11,0.2313671112060547,0.40506070852279663,0.0016494590090587735,0.23570707440376282,0.015142819844186306,0.11107280105352402
2019-12-11 20:26:26,0.41737428307533264,0.16913896799087524,0.001234219642356038,0.33239102363586426,0.004128939006477594,0.07573255151510239
2019-12-11 20:26:41,0.407575786113739,0.2112182080745697,0.00190330995246768,0.29159319400787354,0.00545753026381135,0.08225205540657043
2019-12-11 20:26:56,0.030846934765577316,0.08143577724695206,0.3043072819709778,0.35760846734046936,0.007553670089691877,0.2182479202747345
2019-12-11 20:27:12,0.16193048655986786,0.39815381169319153,0.0050018103793263435,0.32688355445861816,0.022941356524825096,0.08508902788162231
2019-12-11 20:27:27,0.46700671315193176,0.15174730122089386,0.002749584149569273,0.2343488186597824,0.010136171244084835,0.13401144742965698
2019-12-11 20:27:42,0.6048235297203064,0.1268804967403412,0.002091927919536829,0.15901033580303192,0.005999382119625807,0.1011943370103836
2019-12-11 20:27:57,0.5961799025535583,0.10723754018545151,0.0017095766961574554,0.1684703528881073,0.005260576494038105,0.12114203721284866
2019-12-11 20:28:12,0.43786710500717163,0.1478051394224167,0.002660386497154832,0.22665390372276306,0.012012685649096966,0.17300079762935638
2019-12-11 20:28:27,0.23307164013385773,0.11461002379655838,0.003405618015676737,0.20739251375198364,0.009433772414922714,0.43208643794059753
2019-12-11 20:28:42,0.5399413704872131,0.1085139736533165,0.002008313313126564,0.21822009980678558,0.006089444272220135,0.12522684037685394
2019-12-11 20:28:57,0.29818451404571533,0.1458420604467392,0.002547371666878462,0.4364779591560364,0.0017503338167443871,0.11519768834114075
2019-12-11 20:29:12,0.5793876051902771,0.11346232891082764,0.001791409682482481,0.19792714715003967,0.004680033307522535,0.10275153070688248
2019-12-11 20:29:27,0.2003982663154602,0.3294636607170105,0.001483665662817657,0.41097018122673035,0.003656928427517414,0.05402740091085434
2019-12-11 20:29:42,0.49311086535453796,0.12507161498069763,0.0016762721352279186,0.261065810918808,0.005093901418149471,0.11398149281740189
2019-12-11 20:29:57,0.5763886570930481,0.09175287187099457,0.0014697677688673139,0.20205745100975037,0.003312659217044711,0.12501856684684753
2019-12-11 20:30:12,0.36856767535209656,0.12186772376298904,0.0014021887909621,0.2652827799320221,0.004464964848011732,0.23841466009616852
2019-12-11 20:30:27,0.34954768419265747,0.15684224665164948,0.0013645539293065667,0.4344073235988617,0.0019128955900669098,0.05592530593276024
2019-12-11 20:30:43,0.6010629534721375,0.11179817467927933,0.002012456301599741,0.18128246068954468,0.005829261150211096,0.09801474958658218
2019-12-11 20:30:58,0.4929734766483307,0.1336122304201126,0.0014497650554403663,0.2861010432243347,0.0035860734060406685,0.08227735757827759
2019-12-11 20:31:13,0.6528216600418091,0.0857367143034935,0.0018142721382901073,0.1367325335741043,0.005788040813058615,0.11710681021213531
2019-12-11 20:31:28,0.24140095710754395,0.19873756170272827,0.001344542601145804,0.48659321665763855,0.003974754363298416,0.06794893741607666
2019-12-11 20:31:43,0.47887465357780457,0.14690284430980682,0.0012587179662659764,0.2835234999656677,0.004473006818443537,0.08496727794408798
2019-12-11 20:31:58,0.37111344933509827,0.15232829749584198,0.0012661413056775928,0.4018312990665436,0.004927313420921564,0.06853355467319489
2019-12-11 20:32:13,0.1151910126209259,0.13373345136642456,0.0009855212410911918,0.5641681551933289,0.0018987227231264114,0.1840232014656067
2019-12-11 20:32:28,0.3590964376926422,0.13773904740810394,0.0019502259092405438,0.31192582845687866,0.004472568165510893,0.18481585383415222
2019-12-11 20:32:43,0.5495769381523132,0.09997976571321487,0.001500854967162013,0.1901218146085739,0.007301073055714369,0.15151947736740112
2019-12-11 20:32:58,0.4405950903892517,0.14067652821540833,0.0011645749909803271,0.3338510990142822,0.004287745803594589,0.07942487299442291
2019-12-11 20:33:13,0.08050963282585144,0.4258619248867035,0.00125493120867759,0.4410442113876343,0.0028332844376564026,0.04849594086408615
2019-12-11 20:33:28,0.18100115656852722,0.25952982902526855,0.001755405217409134,0.5053786039352417,0.0019293481018394232,0.05040555074810982
2019-12-11 20:33:43,0.23651356995105743,0.15150876343250275,0.0009449581266380847,0.5135667324066162,0.003148668212816119,0.09431732445955276
2019-12-11 20:33:58,0.349396288394928,0.1513810157775879,0.0008414914482273161,0.410101056098938,0.0029586059972643852,0.0853215679526329
2019-12-11 20:34:13,0.5493248105049133,0.13062673807144165,0.0020670031663030386,0.19225160777568817,0.004581973887979984,0.12114787101745605
2019-12-11 20:34:28,0.18395616114139557,0.30321505665779114,0.00243012816645205,0.4956064522266388,0.0019151268061250448,0.012877138331532478
2019-12-11 20:34:44,0.23877622187137604,0.20935313403606415,0.0011338924523442984,0.40200403332710266,0.004484325647354126,0.1442483812570572
2019-12-11 20:34:59,0.040948089212179184,0.13984304666519165,0.07073169946670532,0.14890916645526886,0.009427149780094624,0.5901408195495605
2019-12-11 20:35:14,0.3678373694419861,0.10171493887901306,0.0013041793135926127,0.30130264163017273,0.004801057279109955,0.22303974628448486
2019-12-11 20:35:29,0.3849675953388214,0.1278979629278183,0.0019031069241464138,0.3034519851207733,0.004993645008653402,0.1767856925725937
2019-12-11 20:35:44,0.4971438944339752,0.11425737291574478,0.0015639731427654624,0.28486061096191406,0.003022801363840699,0.0991513803601265
2019-12-11 20:35:59,0.5793948173522949,0.11363204568624496,0.003616554895415902,0.16958028078079224,0.00564843462780118,0.12812793254852295
2019-12-11 20:36:14,,,,,,
2019-12-11 20:36:29,0.19711516797542572,0.20215436816215515,0.004970422014594078,0.3884502053260803,0.004909030627459288,0.20240087807178497
2019-12-11 20:36:44,0.26420819759368896,0.24147315323352814,0.001451162970624864,0.39078280329704285,0.0033473684452474117,0.09873722493648529
2019-12-11 20:36:59,0.20278117060661316,0.15628907084465027,0.0009793725330382586,0.5622114539146423,0.0015806490555405617,0.0761583000421524
2019-12-11 20:37:14,0.5151363015174866,0.14259199798107147,0.0017743224743753672,0.21604949235916138,0.00590111780911684,0.11854676902294159
2019-12-11 20:37:29,0.48335501551628113,0.11894603818655014,0.001675856881774962,0.2536899149417877,0.004383782856166363,0.1379493772983551
2019-12-11 20:37:44,,,,,,
2019-12-11 20:38:00,0.6534451246261597,0.10094039142131805,0.0014622843591496348,0.16164419054985046,0.0039026413578540087,0.07860534638166428
2019-12-11 20:38:15,0.594395637512207,0.13172489404678345,0.0016356405103579164,0.2206263393163681,0.003085725475102663,0.04853179305791855
2019-12-11 20:38:30,0.7326755523681641,0.08858968317508698,0.001169947674497962,0.14308646321296692,0.0014721241313964128,0.03300626948475838
2019-12-11 20:38:45,0.687125563621521,0.06880760937929153,0.0016363661270588636,0.1345045268535614,0.004103158600628376,0.10382288694381714
2019-12-11 20:39:00,0.7958747148513794,0.04842151328921318,0.00188992649782449,0.10684242099523544,0.0016714304219931364,0.045299991965293884
2019-12-11 20:39:15,0.6949825286865234,0.08463829010725021,0.0012234392343088984,0.15253259241580963,0.0027747636195272207,0.06384842097759247
2019-12-11 20:39:30,0.5763450860977173,0.12040648609399796,0.001148708164691925,0.20554286241531372,0.003503489075228572,0.09305333346128464
2019-12-11 20:39:45,0.6086984276771545,0.09760573506355286,0.0013389979721978307,0.19788020849227905,0.0033466233871877193,0.09113001823425293
2019-12-11 20:40:00,0.5737512707710266,0.10742463171482086,0.001308730454184115,0.25860273838043213,0.0021261752117425203,0.05678653344511986
2019-12-11 20:40:15,0.20818506181240082,0.23910069465637207,0.0006849058554507792,0.4541810154914856,0.0021837453823536634,0.09566465020179749
2019-12-11 20:40:30,0.5367053747177124,0.14526090025901794,0.0011356066679582,0.2745780050754547,0.0015436694957315922,0.04077639803290367
2019-12-11 20:40:45,0.5938010215759277,0.12199462205171585,0.0008369053830392659,0.23587408661842346,0.0019907234236598015,0.045502595603466034
2019-12-11 20:41:00,0.5297399759292603,0.11181118339300156,0.004277949221432209,0.18026518821716309,0.005679779686033726,0.16822591423988342
2019-12-11 20:41:15,0.41935649514198303,0.09141817688941956,0.001314382767304778,0.24073916673660278,0.004773383494466543,0.24239838123321533
2019-12-11 20:41:30,0.5543076395988464,0.1018647700548172,0.0014802744844928384,0.2205417901277542,0.004016369581222534,0.117789126932621
2019-12-11 20:41:46,0.3096337616443634,0.1810615062713623,0.0008501469274051487,0.4692828953266144,0.0011811594013124704,0.03799047693610191
2019-12-11 20:42:01,0.085775226354599,0.41319313645362854,0.0009740936220623553,0.44448965787887573,0.0031004021875560284,0.052467476576566696
2019-12-11 20:42:16,0.030227456241846085,0.6728078126907349,0.0021279940847307444,0.26034027338027954,0.007283672224730253,0.027212826535105705
2019-12-11 20:42:31,0.42347338795661926,0.08015251904726028,0.0036288429982960224,0.14555127918720245,0.005627635400742292,0.3415663242340088
2019-12-11 20:42:46,0.40738868713378906,0.16848455369472504,0.0014180510770529509,0.33056753873825073,0.003697505220770836,0.08844364434480667
2019-12-11 20:43:01,0.4412488639354706,0.15187594294548035,0.0010125201661139727,0.3519494831562042,0.0020281588658690453,0.051885005086660385
2019-12-11 20:43:16,0.6867930889129639,0.10865236073732376,0.0021750039886683226,0.17498613893985748,0.0022291589993983507,0.025164376944303513
2019-12-11 20:43:31,0.6216224431991577,0.08304049074649811,0.0013290302595123649,0.19947780668735504,0.002759937895461917,0.09177032113075256
2019-12-11 20:43:46,0.5455461740493774,0.15149319171905518,0.0018283171812072396,0.2549774646759033,0.002866398310288787,0.043288424611091614
2019-12-11 20:44:01,0.7095151543617249,0.08116059005260468,0.0014701017644256353,0.1375792771577835,0.002185655292123556,0.06808926165103912
2019-12-11 20:44:16,0.37922903895378113,0.2319009006023407,0.0019754685927182436,0.31216853857040405,0.002903274493291974,0.07182274013757706
2019-12-11 20:44:31,0.4075867533683777,0.26436468958854675,0.0031490186229348183,0.2514916956424713,0.006073757540434599,0.06733421981334686
2019-12-11 20:44:46,0.22052110731601715,0.24641601741313934,0.001646170625463128,0.4546157419681549,0.0025038286112248898,0.07429715991020203
2019-12-11 20:45:01,0.11721668392419815,0.36245298385620117,0.0028275263030081987,0.4793644845485687,0.0029288879595696926,0.03520948439836502
2019-12-11 20:45:16,0.2898809611797333,0.12510956823825836,0.0031345782335847616,0.24352993071079254,0.006531153805553913,0.3318138122558594
2019-12-11 20:45:32,0.6216323971748352,0.12134874612092972,0.0025775344111025333,0.16326898336410522,0.00579612422734499,0.08537616580724716
2019-12-11 20:45:47,0.5480734705924988,0.12906381487846375,0.001402814406901598,0.2447669506072998,0.002411806955933571,0.07428114116191864
2019-12-11 20:46:02,0.1391090750694275,0.16904926300048828,0.001168158371001482,0.5775704979896545,0.002199776703491807,0.11090326309204102
2019-12-11 20:46:17,0.18054594099521637,0.2634750008583069,0.004232737235724926,0.5114213228225708,0.005442353896796703,0.03488272801041603
2019-12-11 20:46:32,0.5006753206253052,0.12931978702545166,0.0008424436673521996,0.3084329068660736,0.0023616687394678593,0.05836782231926918
2019-12-11 20:46:47,0.44222211837768555,0.14694856107234955,0.0012650171993300319,0.3212188482284546,0.003393209306523204,0.0849522203207016
2019-12-11 20:47:02,0.2548123300075531,0.16829229891300201,0.0009344056015834212,0.4701797068119049,0.00267074559815228,0.10311048477888107
2019-12-11 20:47:17,0.224858358502388,0.20800942182540894,0.0010169135639443994,0.45881855487823486,0.00270728743635118,0.10458943992853165
2019-12-11 20:47:32,0.3453739881515503,0.20277023315429688,0.002270413562655449,0.33444270491600037,0.009510238654911518,0.10563241690397263
2019-12-11 20:47:47,0.412822425365448,0.11936485022306442,0.0017108499305322766,0.2992941737174988,0.004145679995417595,0.16266195476055145
2019-12-11 20:48:02,0.2271852046251297,0.0882277712225914,0.0026813731528818607,0.19801555573940277,0.008641050197184086,0.47524896264076233
2019-12-11 20:48:17,0.2672860622406006,0.10795312374830246,0.0019751423969864845,0.2450265884399414,0.003957047127187252,0.3738020360469818
2019-12-11 20:48:32,0.21431392431259155,0.09698961675167084,0.002019470324739814,0.2658131420612335,0.0066106910817325115,0.41425323486328125
2019-12-11 20:48:47,0.25625789165496826,0.19802552461624146,0.0010181547841057181,0.4426555633544922,0.0030514115933328867,0.0989915207028389
2019-12-11 20:49:02,0.3603602945804596,0.18443988263607025,0.0016106896800920367,0.3634806275367737,0.007676893379539251,0.08243164420127869
2019-12-11 20:49:18,0.2012128382921219,0.19480295479297638,0.0018156951991841197,0.5315294861793518,0.003458568127825856,0.06718051433563232
2019-12-11 20:49:33,0.7060849070549011,0.06564141809940338,0.0017662140307947993,0.12871713936328888,0.003632506588473916,0.09415780007839203
2019-12-11 20:49:48,0.42172980308532715,0.09107232838869095,0.0027484975289553404,0.22674249112606049,0.003716869745403528,0.2539900243282318
2019-12-11 20:50:03,0.4812031686306,0.13925400376319885,0.0012960055610165,0.2440544068813324,0.004529119469225407,0.12966328859329224
2019-12-11 20:50:18,0.6966874599456787,0.08411893248558044,0.0012890119105577469,0.14550280570983887,0.0034503955394029617,0.06895141303539276
2019-12-11 20:50:33,0.6999850869178772,0.07996680587530136,0.0011440113885328174,0.14401710033416748,0.002857810351997614,0.07202914357185364
2019-12-11 20:50:48,0.5914741158485413,0.1268966794013977,0.0013131744926795363,0.22433258593082428,0.0031698027160018682,0.05281354859471321
2019-12-11 20:51:03,0.32561933994293213,0.15411734580993652,0.002212120685726404,0.306651771068573,0.006556360051035881,0.20484301447868347
2019-12-11 20:51:18,0.3766724765300751,0.17758013308048248,0.001329583115875721,0.3502809405326843,0.0036664975341409445,0.09047050029039383
2019-12-11 20:51:33,0.5834924578666687,0.0786730945110321,0.0023251320235431194,0.19112588465213776,0.005461961030960083,0.13892146944999695
2019-12-11 20:51:48,0.6265078186988831,0.05028148368000984,0.0030487156473100185,0.16050314903259277,0.0022288644686341286,0.15743006765842438
2019-12-11 20:52:03,0.34317463636398315,0.2051236778497696,0.002175162313506007,0.3773157596588135,0.002883391920477152,0.06932735443115234
2019-12-11 20:52:18,0.07751984894275665,0.0483260415494442,0.0022702442947775126,0.11963136494159698,0.004566119518131018,0.7476864457130432
2019-12-11 20:52:33,0.3163774609565735,0.10779708623886108,0.00246648327447474,0.17447428405284882,0.00856449268758297,0.3903202414512634
2019-12-11 20:52:49,0.09849627315998077,0.07766284793615341,0.001954037230461836,0.2136366367340088,0.002827087650075555,0.6054232120513916
2019-12-11 20:53:04,0.1768946796655655,0.10492455959320068,0.0014598212437704206,0.26888418197631836,0.004454959649592638,0.4433818459510803
2019-12-11 20:53:19,0.4761538505554199,0.08467567712068558,0.0038014696910977364,0.14639697968959808,0.011069372296333313,0.27790263295173645
2019-12-11 20:53:34,0.42965394258499146,0.14458119869232178,0.003086188342422247,0.16437260806560516,0.009628739207983017,0.2486773282289505
2019-12-11 20:53:49,0.6810065507888794,0.08214791119098663,0.0022512362338602543,0.12892311811447144,0.005744228605180979,0.09992698580026627
2019-12-11 20:54:04,,,,,,
2019-12-11 20:54:19,0.06734748184680939,0.06315340101718903,0.009359167888760567,0.19182462990283966,0.0024478870909661055,0.6658675074577332
2019-12-11 20:54:34,0.201895073056221,0.1397792398929596,0.010872318409383297,0.22165296971797943,0.007590314839035273,0.41821011900901794
2019-12-11 20:54:49,0.23910577595233917,0.1282973736524582,0.0033262907527387142,0.39859041571617126,0.0041562761180102825,0.22652390599250793
2019-12-11 20:55:04,0.07684116065502167,0.06678728759288788,0.004612560383975506,0.28854185342788696,0.0025306486058980227,0.560686469078064
2019-12-11 20:55:20,0.29848939180374146,0.11971687525510788,0.0032562969718128443,0.4230349659919739,0.0028904075734317303,0.15261207520961761
2019-12-11 20:55:35,0.14377225935459137,0.10118291527032852,0.0035616529639810324,0.2986585795879364,0.0049556950107216835,0.44786885380744934
2019-12-11 20:55:50,0.045195598155260086,0.07373005151748657,0.0027168726082891226,0.4777505099773407,0.0016964584356173873,0.3989105224609375
2019-12-11 20:56:05,0.07414787262678146,0.1323729157447815,0.0007458349573425949,0.7132278680801392,0.0008365862304344773,0.07866896688938141
2019-12-11 20:56:20,0.13502834737300873,0.1861792355775833,0.0036214059218764305,0.43311795592308044,0.004973157308995724,0.237079918384552
2019-12-11 20:56:35,0.4247978627681732,0.12534375488758087,0.0020083757117390633,0.36302950978279114,0.003321248572319746,0.08149923384189606
2019-12-11 20:56:50,0.2679562270641327,0.1414937973022461,0.0024001644924283028,0.39683738350868225,0.004450214095413685,0.18686223030090332
2019-12-11 20:57:05,0.05472183972597122,0.11076722294092178,0.0017096090596169233,0.4961432218551636,0.0021616925951093435,0.3344963788986206
2019-12-11 20:57:20,0.06428919732570648,0.14637458324432373,0.001022395328618586,0.48797133564949036,0.0022821971215307713,0.29806023836135864
2019-12-11 20:57:35,0.12519171833992004,0.16486942768096924,0.0015451061772182584,0.5380585193634033,0.0036183702759444714,0.16671687364578247
2019-12-11 20:57:50,0.0955187976360321,0.12107755243778229,0.0026822800282388926,0.39069658517837524,0.006551478058099747,0.38347330689430237
2019-12-11 20:58:06,0.042765796184539795,0.12945151329040527,0.0038247276097536087,0.3017940819263458,0.0033519016578793526,0.5188119411468506
2019-12-11 20:58:21,0.07281505316495895,0.09222699701786041,0.008313708938658237,0.17890863120555878,0.0042579625733196735,0.6434776186943054
2019-12-11 20:58:36,0.40005791187286377,0.07464592903852463,0.0025832075625658035,0.4205183684825897,0.0016033374704420567,0.1005912497639656
2019-12-11 20:58:51,0.05943861976265907,0.09855306893587112,0.0022139546927064657,0.31977832317352295,0.004609919153153896,0.5154061317443848
2019-12-11 20:59:06,0.04653063789010048,0.08014644682407379,0.011763237416744232,0.1672268658876419,0.003557846648618579,0.6907749772071838
2019-12-11 20:59:21,0.08081532269716263,0.34134405851364136,0.002835451392456889,0.403633177280426,0.013460983522236347,0.15791109204292297
2019-12-11 20:59:36,0.09607983380556107,0.21304269134998322,0.0015245885588228703,0.5972530841827393,0.0027532668318599463,0.08934642374515533
2019-12-11 20:59:51,0.0653398334980011,0.10016271471977234,0.0038494945038110018,0.2034406065940857,0.005986157339066267,0.6212212443351746
2019-12-11 21:00:06,0.05687654763460159,0.12610605359077454,0.0024493613746017218,0.3484712541103363,0.004183383658528328,0.46191340684890747
2019-12-11 21:00:21,0.06651061773300171,0.09355291724205017,0.003491701791062951,0.2739487886428833,0.003432721132412553,0.5590632557868958
2019-12-11 21:00:37,0.0634768083691597,0.24921710789203644,0.0012378495885059237,0.5634560585021973,0.0032239770516753197,0.119388148188591
2019-12-11 21:00:52,0.1372576504945755,0.1524098962545395,0.006339677143841982,0.33497747778892517,0.0035831788554787636,0.36543211340904236
2019-12-11 21:01:07,0.05530402809381485,0.12306992709636688,0.013548576273024082,0.19776107370853424,0.0031873511616140604,0.6071290969848633
2019-12-11 21:01:22,0.055881377309560776,0.09217952936887741,0.003562700003385544,0.26947951316833496,0.002765306271612644,0.5761315822601318
2019-12-11 21:01:37,0.04127252846956253,0.06144862249493599,0.007053773384541273,0.23887111246585846,0.001914875116199255,0.6494390368461609
2019-12-11 21:01:52,0.026278594508767128,0.043456222862005234,0.03289150446653366,0.09972505271434784,0.003582163481041789,0.7940664887428284
2019-12-11 21:02:07,0.12617631256580353,0.10821393877267838,0.0040781316347420216,0.3644193112850189,0.006882345769554377,0.3902299106121063
2019-12-11 21:02:22,0.16891153156757355,0.24864155054092407,0.005457022227346897,0.3414510488510132,0.00867430679500103,0.22686460614204407
2019-12-11 21:02:37,0.1070096418261528,0.2547396123409271,0.0014000075170770288,0.5324652791023254,0.0037857242859899998,0.10059968382120132
2019-12-11 21:02:52,0.04431496188044548,0.08932222425937653,0.0010987200075760484,0.6068276166915894,0.0015107408398762345,0.25692567229270935
2019-12-11 21:03:07,0.0857500359416008,0.1565425992012024,0.0025049985852092505,0.43009239435195923,0.008492200635373592,0.3166177272796631
2019-12-11 21:03:23,0.27430611848831177,0.25780776143074036,0.0021495360415428877,0.41463416814804077,0.003525717882439494,0.04757678136229515
2019-12-11 21:03:38,0.037498343735933304,0.12628892064094543,0.004909772425889969,0.350267231464386,0.003418300999328494,0.47761738300323486
2019-12-11 21:03:53,0.09380801767110825,0.1323631852865219,0.0026424939278513193,0.38417986035346985,0.0032622958533465862,0.38374412059783936
2019-12-11 21:04:08,0.026522178202867508,0.05094803497195244,0.004632782191038132,0.13550150394439697,0.003920481540262699,0.7784750461578369
2019-12-11 21:04:23,0.051677804440259933,0.08387534320354462,0.001984496833756566,0.3668270409107208,0.0015342903789132833,0.49410101771354675
2019-12-11 21:04:38,0.06036561354994774,0.08820320665836334,0.004302991088479757,0.2973269522190094,0.0027889246121048927,0.5470123291015625
2019-12-11 21:04:53,0.029183370992541313,0.03814023733139038,0.012750637717545033,0.09238269180059433,0.0018609365215525031,0.8256821036338806
2019-12-11 21:05:08,0.09469336271286011,0.12991583347320557,0.001783954561688006,0.44220706820487976,0.003913721069693565,0.32748597860336304
2019-12-11 21:05:23,0.0923292264342308,0.12271822243928909,0.002435290487483144,0.3910878002643585,0.0037167705595493317,0.387712687253952
2019-12-11 21:05:38,0.22155612707138062,0.1736912578344345,0.019868651404976845,0.2257184535264969,0.017954671755433083,0.34121081233024597
2019-12-11 21:05:53,0.08653583377599716,0.09944859147071838,0.007724855560809374,0.2789257764816284,0.0035352834966033697,0.5238296389579773
2019-12-11 21:06:09,0.09310788661241531,0.03736459091305733,0.007520666345953941,0.1115572452545166,0.003792115719988942,0.7466574907302856
2019-12-11 21:06:24,0.05566251277923584,0.04547170549631119,0.005421816371381283,0.1780100017786026,0.002113153925165534,0.7133208513259888
2019-12-11 21:06:39,0.09312520921230316,0.030162908136844635,0.005392163060605526,0.10283847898244858,0.0034066797234117985,0.7650745511054993
2019-12-11 21:06:54,0.02450603060424328,0.02270357869565487,0.009331181645393372,0.06927185505628586,0.002162305172532797,0.8720250725746155
2019-12-11 21:07:09,0.027749666944146156,0.01700269989669323,0.49199026823043823,0.04707258567214012,0.0033084352035075426,0.41287633776664734
2019-12-11 21:07:24,0.24113686382770538,0.26250699162483215,0.0060521201230585575,0.4402702748775482,0.0029980046674609184,0.04703575745224953
2019-12-11 21:07:39,0.09537652134895325,0.1083540990948677,0.0005979705019854009,0.7407532930374146,0.0005726764793507755,0.05434540659189224
2019-12-11 21:07:54,0.10056774318218231,0.12069708853960037,0.0005834533367305994,0.7463065981864929,0.0004030545533169061,0.031442057341337204
2019-12-11 21:08:09,0.08575993776321411,0.08628376573324203,0.0007966518169268966,0.7566583156585693,0.0005855988711118698,0.0699157640337944
2019-12-11 21:08:24,0.11378717422485352,0.0627751424908638,0.004065421409904957,0.258247971534729,0.004640097264200449,0.5564841628074646
2019-12-11 21:08:40,0.028987161815166473,0.01714828982949257,0.07834158837795258,0.051629651337862015,0.0018743056571111083,0.8220189213752747
2019-12-11 21:08:55,0.11011375486850739,0.11011118441820145,0.009390749037265778,0.24889196455478668,0.013716955669224262,0.5077753067016602
2019-12-11 21:09:10,0.043796416372060776,0.028119027614593506,0.018727680668234825,0.07830481231212616,0.00366375339217484,0.8273882865905762
2019-12-11 21:09:25,0.10113375633955002,0.037833694368600845,0.007900277152657509,0.11700336635112762,0.005315289366990328,0.7308136820793152
2019-12-11 21:09:40,0.03167441114783287,0.6617808938026428,0.005353433545678854,0.21284689009189606,0.022110383957624435,0.0662340298295021
2019-12-11 21:09:55,0.26514843106269836,0.14280137419700623,0.005690192338079214,0.3432183265686035,0.007674942724406719,0.23546671867370605
2019-12-11 21:10:10,0.08968432992696762,0.04972744360566139,0.006121747195720673,0.26490259170532227,0.0029092845506966114,0.5866546034812927
2019-12-11 21:10:25,0.09487693011760712,0.051862191408872604,0.006299824453890324,0.17122182250022888,0.004601723980158567,0.6711375117301941
2019-12-11 21:10:41,0.1251869946718216,0.07040717452764511,0.0013372543035075068,0.6586089730262756,0.0007519968785345554,0.1437074989080429
2019-12-11 21:10:56,0.2671203911304474,0.07454229891300201,0.00244069192558527,0.5467972755432129,0.0015490667428821325,0.10755028575658798
2019-12-11 21:11:11,0.2115425020456314,0.10925830155611038,0.0014544292353093624,0.5793030261993408,0.001823261147364974,0.09661846607923508
2019-12-11 21:11:26,0.08294018357992172,0.06831914931535721,0.004723566584289074,0.2913244962692261,0.0042698862962424755,0.5484227538108826
2019-12-11 21:11:41,0.053164850920438766,0.05860641226172447,0.006474139168858528,0.1501920521259308,0.00608863215893507,0.7254738807678223
2019-12-11 21:11:56,0.06396017223596573,0.04895167797803879,0.005890275817364454,0.1518915742635727,0.004467150196433067,0.7248390913009644
2019-12-11 21:12:11,0.020618315786123276,0.014660662040114403,0.016030119732022285,0.05695115774869919,0.0011474015191197395,0.8905923962593079
2019-12-11 21:12:26,0.03595101833343506,0.022589415311813354,0.015309443697333336,0.11312433332204819,0.0020133170764893293,0.8110125064849854
2019-12-11 21:12:42,0.051581043750047684,0.025371942669153214,0.008752677589654922,0.1187831312417984,0.001739149447530508,0.7937721014022827
2019-12-11 21:12:57,0.03993403911590576,0.02938593551516533,0.0071469820104539394,0.10526689141988754,0.0022730601485818624,0.815993070602417
2019-12-11 21:13:12,0.0546577014029026,0.034472811967134476,0.012759126722812653,0.12070036679506302,0.0033275599125772715,0.7740824222564697
2019-12-11 21:13:27,0.041621964424848557,0.02454344928264618,0.032983068376779556,0.07245078682899475,0.003045907709747553,0.8253548741340637
2019-12-11 21:13:42,0.0275599155575037,0.01137065514922142,0.7860165238380432,0.021582672372460365,0.006825347431004047,0.14664490520954132
2019-12-11 21:13:57,0.061148371547460556,0.04546879231929779,0.007044201251119375,0.1728171557188034,0.002334962598979473,0.7111864686012268
2019-12-11 21:14:12,0.05431964993476868,0.10468457639217377,0.006932283751666546,0.15400473773479462,0.008871516212821007,0.6711872220039368
2019-12-11 21:14:27,0.05046675726771355,0.04141932725906372,0.00847124308347702,0.15107277035713196,0.0021685808897018433,0.746401309967041
2019-12-11 21:14:43,0.015988705679774284,0.0079506766051054,0.1717100441455841,0.03122149035334587,0.0018333439948037267,0.7712957262992859
2019-12-11 21:14:58,0.06371521204710007,0.037858691066503525,0.009001865983009338,0.14795109629631042,0.0021824336145073175,0.739290714263916
2019-12-11 21:15:13,0.11164850741624832,0.04649689793586731,0.03249894827604294,0.11782772839069366,0.006766207050532103,0.6847617030143738
2019-12-11 21:15:28,0.05111795291304588,0.04415223374962807,0.012524583376944065,0.11798810213804245,0.002903417684137821,0.7713137865066528
2019-12-11 21:15:43,0.03318258002400398,0.018264051526784897,0.037245847284793854,0.05745633319020271,0.0011527044698596,0.8526985049247742
2019-12-11 21:15:58,0.036978960037231445,0.02388223633170128,0.0402253158390522,0.05419693514704704,0.0026393516454845667,0.8420771956443787
2019-12-11 21:16:13,0.021540259942412376,0.016946040093898773,0.009312640875577927,0.06731680035591125,0.0008268820820376277,0.884057343006134
2019-12-11 21:16:28,0.2107575386762619,0.11346063017845154,0.002503613941371441,0.4646250307559967,0.002668109256774187,0.20598506927490234
2019-12-11 21:16:44,0.16308584809303284,0.07107459008693695,0.003987377509474754,0.2770269513130188,0.004070902708917856,0.4807542562484741
2019-12-11 21:16:59,0.06787305325269699,0.07928658276796341,0.006742669735103846,0.21501916646957397,0.0047322534956038,0.6263462901115417
2019-12-11 21:17:14,0.042429011315107346,0.023271063342690468,0.0043741692788898945,0.11853718757629395,0.0008379020728170872,0.8105506896972656
2019-12-11 21:17:29,0.07627318799495697,0.07190821319818497,0.020428184419870377,0.10743652284145355,0.010294822975993156,0.7136591076850891
2019-12-11 21:17:44,0.027439868077635765,0.01564881205558777,0.01688430644571781,0.06254034489393234,0.0012984075583517551,0.8761882781982422
2019-12-11 21:17:59,0.032231107354164124,0.029051030054688454,0.014340940862894058,0.09825805574655533,0.0020099871326237917,0.824108898639679
2019-12-11 21:18:14,0.12260432541370392,0.200963094830513,0.0024214989971369505,0.533146321773529,0.0037716603837907314,0.13709312677383423
2019-12-11 21:18:29,0.5194162130355835,0.14580313861370087,0.002412868896499276,0.28839465975761414,0.0033205009531229734,0.04065258055925369
2019-12-11 21:18:44,0.14836493134498596,0.14501698315143585,0.0021084267646074295,0.5669326186180115,0.0035528065636754036,0.1340242326259613
2019-12-11 21:19:00,0.18814650177955627,0.156720370054245,0.0011641797609627247,0.5543978810310364,0.00325825740583241,0.09631285071372986
2019-12-11 21:19:15,0.25820106267929077,0.20964011549949646,0.0020258610602468252,0.45736128091812134,0.00447187852114439,0.06829975545406342
2019-12-11 21:19:30,0.24613285064697266,0.22386571764945984,0.0023916710633784533,0.43085241317749023,0.007417542394250631,0.08933982253074646
2019-12-11 21:19:45,0.20553533732891083,0.11530455201864243,0.001602064585313201,0.5731310844421387,0.0024330788291990757,0.10199382901191711
2019-12-11 21:20:00,0.2957412898540497,0.07958589494228363,0.0012554032728075981,0.5212047100067139,0.0015753908082842827,0.10063732415437698
2019-12-11 21:20:15,0.12594351172447205,0.07401058822870255,0.0007274578092619777,0.7227407693862915,0.0005721950437873602,0.07600544393062592
2019-12-11 21:20:30,0.20146794617176056,0.10456763207912445,0.0012858944246545434,0.6503369212150574,0.0011385908583179116,0.04120301455259323
2019-12-11 21:20:45,0.3238523304462433,0.08458726108074188,0.0017188264755532146,0.5064756274223328,0.0017165486933663487,0.08164938539266586
2019-12-11 21:21:00,0.24778655171394348,0.10193262994289398,0.0016627610893920064,0.5890108346939087,0.0012760264798998833,0.058331165462732315
2019-12-11 21:21:15,0.10526611655950546,0.10414934903383255,0.000976667506620288,0.7426033020019531,0.000620444247033447,0.04638409987092018
2019-12-11 21:21:30,0.09734373539686203,0.1518963873386383,0.001542279846034944,0.6207799911499023,0.001969387987628579,0.126468226313591
2019-12-11 21:21:45,0.12492559105157852,0.08241119980812073,0.0019844607450067997,0.7019118666648865,0.0009065806516446173,0.08786027133464813
